Product Name,Features
DIESEL M-Ippei Sweater - PURPLE - X-Small,
DIESEL M-Ippei Sweater - PURPLE PURPLE - X-Small,
DIESEL M-Ippei Sweater - PURPLE BLACK- Small,
ARMANI JEANS Studded Crewneck Sweater - BLUE - XXX-Large,
ARMANI JEANS Fancy Stitch Crew Neck Sweater - INDIGO - Large,
ARMANI JEANS Fancy Stitch Crew Neck Sweater - INDIGO - X-Large,
ARMANI JEANS Fancy Stitch Crew Neck Sweater - INDIGO - XX-Large,
Gap Lambswool Crewneck Sweater Size L - gold plate,
Gap Men Marled Hooded Sweater Size XXL - blue,
Gap Boys Fair Isle Shawl Sweater Size XS - heather gray,
Gap Men Marled Hooded Sweater Size XXL - navy heather,
Gap Merino V Neck Sweater Size M - navy heather,
CALVIN KLEIN Sportcoat - BLACK/WHITE - 46,
BLACK BROWN 1826 Plaid Sport Coat - TAN - 42 Tall,
BLACK BROWN 1826 Sportcoat - TAN - 42,
BLACK BROWN 1826 Concealed Button Front Rain Coat - GREY - 46,
BLACK BROWN 1826 Concealed Button Front Rain Coat - GREY - 42,
Dell Venue Tablet Computer 7 Tablet Computer ta07 sapp,
Dell Venue Tablet Computer 8 Tablet Computer ta08 btb1 16bke,
Dell Venue 8 Tablet Computer ta082 ft 16rde,
Dell Venue 7 Tablet Computer ta072 ft 16bke,
Dell Venue 8 Tablet Computer ta08216bkccf,
Dell Venue 8 Tablet Computer ta08216bkcce,
APC Back-UPS ES 750 Master Control,
C2G TV to PC Converter - Video converter - black,
Dual Port X520 DA 10-GB Server Adapter Ethernet PCIe Network Interface Card for Select Dell PowerEdge Server,
VisionTek Radeon R7 260X 2GB GDDR5 PCI Express 3.0,
VisionTek Radeon R9 290 4GB GDDR5 PCIe Card,
StarTech.com 2 Port CardBus RS232 Serial Laptop PC Adapter Card - 16950,
"A7 16"" Slipcase with Shoulder Strap - Black",
PNY Hi-Speed for Tablet PCs - Flash memory card - 32 GB - Class 10 - 66x - microSDHC,
Dell - Stylus Tips and Tool Kit for Latitude XT Tablet PC/ XT2/ XT2 XFR Laptops,
Broadcom NetXtreme II 5709 Gigabit Quad Port Ethernet PCIe-4 Convergence Network Interface Card for Select Dell PowerEdge Servers / PowerVault Storage,
Toshiba 40-inch LED TV - 40L1460UC HDTV with Sound Bar,
Toshiba 50-inch LED TV - 50L1460UC HDTV with Sound Bar,
"HDTV Starter Bundle include Mount for 26-inch-50-inch TV's, HDMI Cable and Cable Covers",
TRENDnet TV IP262P Megapixel PoE Dome Internet Camera - network camera,
Toshiba 39-inch LED TV - 39L1350UC HDTV,
LG 60-inch LED IPS Panel TV - 60LB6000 HDTV,
LG 50-inch LED Smart TV 50LB5800 Wi-Fi HDTV,
Panasonic 60 Inch LED Smart TV 60AS630 HDTV,
LG 55-inch LED IPS Panel TV - 55LB6000 HDTV,
LG 50-inch LED IPS Panel TV - 50LB6000 HDTV,
LG 47-inch LED IPS Panel TV - 47LB6000 HDTV,